id,image,start,end,startFrame,endFrame
01,images/01.png,0,3.2405668934240364,0,97
02,images/02.png,3.2405668934240364,7.46047619047619,97,224
03,images/03.png,7.46047619047619,11.448253968253969,224,343
04,images/04.png,11.448253968253969,19.46938775510204,343,584
05,images/05.png,19.46938775510204,27.896258503401363,584,837
06,images/06.png,27.896258503401363,37.0862358276644,837,1113
07,images/07.png,37.0862358276644,39.20072562358277,1113,1176
08,images/08.png,39.20072562358277,60.45471655328798,1176,1814
09,images/09.png,60.45471655328798,65.36820861678004,1814,1961
10,images/10.png,65.36820861678004,68.20820861678004,1961,2046
10a,images/10a-sun.png,68.20820861678004,71.58977324263037,2046,2148
11,images/11.png,71.58977324263037,81.41671201814057,2148,2443
12,images/12.png,81.41671201814057,83.03671201814056,2443,2491
13,images/13-homepage-first-screen.png,83.03671201814056,85.73671201814057,2491,2572
14,images/14-hebe-link-ending.png,85.73671201814057,90.75718820861677,2572,2723
